{
    "Audiology": [
        {"name": "Dr. Ravi Sharma", "hospital": "Swaroop Rani Narsing Home, Prayagraj"},
        {"name": "Dr. Pooja Verma", "hospital": "Tej Bahadur Sapru Hospital Beli, Prayagraj"},
        {"name": "Dr. Anil Kumar", "hospital": "BHU, Varanasi"},
        {"name": "Dr. Neha Singh", "hospital": "Appex, Varanasi"},
        {"name": "Dr. Amit Yadav", "hospital": "KGMU, Lucknow"}
    ],
    "Cardiology": [
        {"name": "Dr. Amit Gupta", "hospital": "KGMU, Lucknow"},
        {"name": "Dr. Priya Mehra", "hospital": "PGI, Lucknow"},
        {"name": "Dr. Rakesh Patel", "hospital": "AIMS, Delhi"},
        {"name": "Dr. Arvind Saxena", "hospital": "Sadar Hospital, Jaunpur"},
        {"name": "Dr. Sunita Chauhan", "hospital": "Yash Hospital, Pratika Chauraha, Prayagraj"}
    ],
    "Dentistry": [
        {"name": "Dr. Neha Kapoor", "hospital": "BHU, Varanasi"},
        {"name": "Dr. Sandeep Jain", "hospital": "Appex, Varanasi"},
        {"name": "Dr. Sonali Gupta", "hospital": "Tej Bahadur Sapru Hospital Beli, Prayagraj"},
        {"name": "Dr. Ritu Sharma", "hospital": "Swaroop Rani Narsing Home, Prayagraj"},
        {"name": "Dr. Tarun Aggarwal", "hospital": "KGMU, Lucknow"}
    ],
    "Diabetology": [
        {"name": "Dr. Shubham Jain", "hospital": "PGI, Lucknow"},
        {"name": "Dr. Smita Kapoor", "hospital": "AIMS, Delhi"},
        {"name": "Dr. Rajesh Kumar", "hospital": "Sadar Hospital, Jaunpur"},
        {"name": "Dr. Neelam Yadav", "hospital": "Swaroop Rani Narsing Home, Prayagraj"},
        {"name": "Dr. Vikram Mishra", "hospital": "Yash Hospital, Pratika Chauraha, Prayagraj"}
    ],
    "Radiology": [
        {"name": "Dr. Priya Sharma", "hospital": "KGMU, Lucknow"},
        {"name": "Dr. Rakesh Yadav", "hospital": "PGI, Lucknow"},
        {"name": "Dr. Alok Soni", "hospital": "AIMS, Delhi"},
        {"name": "Dr. Ashish Gupta", "hospital": "BHU, Varanasi"},
        {"name": "Dr. Manish Verma", "hospital": "Tej Bahadur Sapru Hospital Beli, Prayagraj"}
    ],
    "Hepatology": [
        {"name": "Dr. Suraj Bhattacharya", "hospital": "Sadar Hospital, Jaunpur"},
        {"name": "Dr. Kunal Roy", "hospital": "AIMS, Delhi"},
        {"name": "Dr. Ruchi Verma", "hospital": "KGMU, Lucknow"},
        {"name": "Dr. Arvind Pandey", "hospital": "Yash Hospital, Pratika Chauraha, Prayagraj"},
        {"name": "Dr. Nidhi Gupta", "hospital": "BHU, Varanasi"}
    ],
    "Optician": [
        {"name": "Dr. Sameer Jain", "hospital": "Swaroop Rani Narsing Home, Prayagraj"},
        {"name": "Dr. Meera Verma", "hospital": "Tej Bahadur Sapru Hospital Beli, Prayagraj"},
        {"name": "Dr. Anjali Tiwari", "hospital": "Appex, Varanasi"},
        {"name": "Dr. Anshika Patel", "hospital": "PGI, Lucknow"},
        {"name": "Dr. Varun Yadav", "hospital": "AIMS, Delhi"}
    ],
    "Nephrology": [
        {"name": "Dr. Rahul Yadav", "hospital": "KGMU, Lucknow"},
        {"name": "Dr. Ramesh Chandra", "hospital": "BHU, Varanasi"},
        {"name": "Dr. Sanjeev Kumar", "hospital": "Tej Bahadur Sapru Hospital Beli, Prayagraj"},
        {"name": "Dr. Aditi Soni", "hospital": "Swaroop Rani Narsing Home, Prayagraj"},
        {"name": "Dr. Kamal Mehta", "hospital": "PGI, Lucknow"}
    ],
    "Neurology": [
        {"name": "Dr. Sanjay Soni", "hospital": "AIMS, Delhi"},
        {"name": "Dr. Vikram Singh", "hospital": "Sadar Hospital, Jaunpur"},
        {"name": "Dr. Shalini Rani", "hospital": "Tej Bahadur Sapru Hospital Beli, Prayagraj"},
        {"name": "Dr. Ajay Kumar", "hospital": "KGMU, Lucknow"},
        {"name": "Dr. Priya Bhardwaj", "hospital": "Yash Hospital, Pratika Chauraha, Prayagraj"}
    ],
    "Children Medicine": [
        {"name": "Dr. Nisha Mehta", "hospital": "Swaroop Rani Narsing Home, Prayagraj"},
        {"name": "Dr. Ruchika Singh", "hospital": "Tej Bahadur Sapru Hospital Beli, Prayagraj"},
        {"name": "Dr. Gaurav Yadav", "hospital": "BHU, Varanasi"},
        {"name": "Dr. Anjali Saini", "hospital": "Appex, Varanasi"},
        {"name": "Dr. Sudhir Mishra", "hospital": "PGI, Lucknow"}
    ]
}
